                  epoch,         train/box_loss,         train/seg_loss,         train/cls_loss,         train/dfl_loss,   metrics/precision(B),      metrics/recall(B),       metrics/mAP50(B),    metrics/mAP50-95(B),   metrics/precision(M),      metrics/recall(M),       metrics/mAP50(M),    metrics/mAP50-95(M),           val/box_loss,           val/seg_loss,           val/cls_loss,           val/dfl_loss,                 lr/pg0,                 lr/pg1,                 lr/pg2
                      0,                 1.0033,                 1.4862,                 2.4586,                 1.0368,                 0.4051,                0.40764,                 0.3783,                0.26877,                0.39975,                0.40387,                0.37343,                0.23868,                 1.0439,                 1.4194,                 1.8891,                 1.0381,               0.076815,              0.0099363,              0.0099363
                      1,                 1.1418,                 1.5763,                 1.8968,                 1.0504,                0.37176,                0.27662,                0.25185,                0.16078,                 0.3638,                0.26983,                0.25253,                0.15209,                 1.4179,                 2.1088,                 2.5947,                 1.2214,               0.053383,               0.019838,               0.019838
                      2,                 1.4331,                 1.9181,                 2.2026,                 1.1635,                0.25653,                0.19181,                0.12957,                0.07044,                0.25455,                0.18964,                0.12609,                0.06495,                 1.9471,                 3.2935,                 5.5577,                 1.6091,               0.029852,                0.02964,                0.02964
                      3,                 1.4977,                 1.9882,                 2.1912,                 1.1852,                 0.3833,                 0.2676,                0.23466,                0.14169,                 0.3978,                0.26372,                0.23531,                0.13693,                  1.438,                 2.2982,                 2.5472,                 1.2642,               0.029554,               0.029554,               0.029554
                      4,                 1.3797,                 1.8778,                  1.832,                 1.1633,                0.52511,                0.33615,                0.34764,                0.21198,                0.54385,                0.32462,                0.33942,                 0.1993,                 1.3737,                 1.8793,                  1.988,                 1.1867,               0.029554,               0.029554,               0.029554
                      5,                 1.3295,                 1.8007,                 1.7005,                 1.1438,                 0.5323,                0.43901,                0.45302,                    0.3,                0.53094,                0.43725,                0.44791,                0.28786,                 1.1577,                  1.508,                 1.5802,                 1.1113,               0.029406,               0.029406,               0.029406
                      6,                 1.2553,                 1.7123,                 1.5575,                 1.1245,                0.60116,                0.48331,                0.51132,                0.34279,                0.60091,                0.48145,                0.51101,                0.33191,                 1.1215,                 1.4016,                  1.596,                  1.086,               0.029257,               0.029257,               0.029257
                      7,                 1.1946,                 1.6086,                 1.5086,                 1.1029,                0.63337,                0.50452,                0.55255,                0.36711,                0.63442,                0.50462,                0.55666,                0.35684,                 1.1151,                 1.4075,                 1.4134,                 1.0886,               0.029109,               0.029109,               0.029109
                      8,                 1.1603,                 1.5569,                 1.4225,                 1.0884,                0.60342,                0.55721,                0.57009,                  0.394,                0.60001,                0.55412,                0.56325,                0.37442,                 1.0239,                 1.2646,                 1.2939,                 1.0451,                0.02896,                0.02896,                0.02896
                      9,                 1.1427,                 1.5332,                 1.3787,                 1.0781,                0.69171,                0.45678,                0.52331,                0.35346,                0.69348,                0.45532,                0.52211,                0.33639,                 1.1613,                 1.5286,                 1.3925,                 1.1309,               0.028812,               0.028812,               0.028812
                     10,                  1.111,                 1.4516,                 1.3136,                 1.0733,                0.65423,                0.56123,                0.60358,                0.43182,                0.64944,                0.55783,                0.59779,                0.40354,                0.98673,                 1.2818,                 1.1658,                 1.0312,               0.028663,               0.028663,               0.028663
                     11,                 1.0831,                 1.4321,                 1.2729,                 1.0605,                0.69828,                 0.6121,                0.65691,                0.46294,                0.70365,                0.60015,                0.64974,                0.43107,                0.97693,                 1.1873,                 1.1138,                 1.0322,               0.028515,               0.028515,               0.028515
                     12,                 1.0655,                 1.4009,                  1.243,                   1.05,                0.67166,                0.62897,                0.67492,                0.47772,                0.67016,                0.62688,                 0.6713,                0.44948,                0.93678,                 1.1043,                 1.0596,                 1.0156,               0.028366,               0.028366,               0.028366
                     13,                 1.0617,                 1.4158,                 1.2212,                 1.0515,                0.69446,                0.66764,                0.70915,                0.50761,                0.69609,                0.66177,                0.70065,                0.47204,                0.91858,                 1.0775,                 1.0715,                 1.0074,               0.028218,               0.028218,               0.028218
                     14,                 1.0429,                 1.3727,                 1.1922,                 1.0442,                0.74475,                 0.6675,                0.72734,                 0.5306,                0.74333,                0.66316,                0.71894,                0.49319,                0.88892,                  1.041,                0.95845,                0.98622,                0.02807,                0.02807,                0.02807
                     15,                 1.0339,                 1.3815,                 1.1559,                 1.0364,                0.73698,                0.66799,                 0.7351,                0.54091,                0.72746,                0.66386,                 0.7233,                0.49605,                 0.9023,                 1.0385,                0.96774,                 0.9957,               0.027921,               0.027921,               0.027921
                     16,                 1.0119,                 1.3548,                 1.1317,                 1.0294,                0.76728,                0.67085,                0.74334,                0.55824,                0.76917,                0.66439,                0.73371,                0.51003,                0.85714,                0.98841,                0.89821,                0.97403,               0.027773,               0.027773,               0.027773
                     17,                 1.0013,                 1.3109,                 1.1016,                 1.0233,                0.74971,                0.65308,                0.72843,                0.54819,                0.75258,                0.64033,                0.71921,                0.49951,                0.83953,                0.98544,                0.87176,                0.97231,               0.027624,               0.027624,               0.027624
                     18,                0.98981,                 1.3052,                 1.0688,                 1.0194,                0.76084,                0.69245,                0.75226,                0.56906,                0.75726,                0.69164,                0.74768,                0.53133,                 0.8278,                 0.9715,                0.88473,                0.96054,               0.027475,               0.027475,               0.027475
                     19,                0.97752,                 1.2835,                 1.0712,                 1.0131,                0.76221,                0.68337,                0.75408,                0.57076,                0.75974,                0.68003,                0.74694,                0.52758,                0.84664,                0.97212,                0.88079,                0.96992,               0.027327,               0.027327,               0.027327
                     20,                 0.9796,                 1.2696,                 1.0411,                 1.0137,                0.77919,                0.68035,                0.76413,                0.58562,                 0.7754,                0.67629,                 0.7553,                0.53788,                 0.8163,                0.95669,                0.85058,                0.96334,               0.027179,               0.027179,               0.027179
                     21,                0.96839,                 1.2712,                 1.0497,                 1.0114,                0.76389,                0.72682,                  0.777,                 0.5898,                0.78934,                0.70041,                0.76941,                0.53828,                0.82985,                0.94772,                0.81751,                0.96362,                0.02703,                0.02703,                0.02703
                     22,                0.96344,                 1.2386,                 1.0384,                 1.0074,                0.76359,                0.73111,                0.79255,                 0.6071,                0.75789,                0.72471,                0.78114,                0.54661,                0.81651,                0.92372,                0.81355,                0.95949,               0.026881,               0.026881,               0.026881
                     23,                0.96165,                 1.2578,                 1.0082,                 1.0027,                0.79502,                0.72155,                0.79572,                0.61295,                0.79046,                0.71785,                  0.789,                0.56032,                 0.8117,                0.94999,                0.80088,                0.96274,               0.026733,               0.026733,               0.026733
                     24,                0.94155,                 1.2471,                0.99284,                0.99954,                0.77909,                0.73391,                0.79687,                0.61623,                0.79652,                0.71222,                0.78739,                0.55435,                0.79699,                0.95261,                0.77282,                0.95321,               0.026585,               0.026585,               0.026585
                     25,                0.92942,                 1.2232,                0.99482,                0.99904,                 0.8131,                0.75215,                0.82037,                0.63828,                 0.8066,                0.74705,                0.81229,                0.57385,                0.77793,                0.88981,                0.75515,                0.94941,               0.026436,               0.026436,               0.026436
                     26,                0.92369,                 1.2007,                0.95661,                0.99811,                0.80406,                0.73718,                0.81314,                0.62803,                0.79571,                0.72971,                0.80261,                0.57223,                0.77944,                0.88591,                0.75992,                0.94853,               0.026287,               0.026287,               0.026287
                     27,                0.93424,                 1.2063,                0.97616,                0.99641,                0.80959,                0.73871,                0.80822,                  0.635,                 0.8082,                0.73653,                0.80317,                0.57175,                0.76042,                0.86258,                0.73092,                0.94377,               0.026139,               0.026139,               0.026139
                     28,                0.91414,                 1.2076,                0.95411,                0.99618,                0.82681,                0.74365,                0.81749,                 0.6347,                0.81511,                0.72994,                 0.8019,                0.56752,                0.76132,                0.89647,                0.73982,                0.94209,                0.02599,                0.02599,                0.02599
                     29,                0.91616,                 1.1976,                0.95611,                0.99523,                0.79453,                0.76637,                0.82738,                0.65519,                0.78962,                0.76035,                0.81418,                 0.5926,                0.74174,                0.85155,                0.70313,                0.93074,               0.025842,               0.025842,               0.025842
                     30,                0.90259,                 1.1871,                0.93895,                 0.9888,                0.83962,                0.75385,                0.82866,                0.65719,                0.83525,                0.74899,                0.81945,                0.59242,                0.74401,                0.82808,                0.71704,                0.93337,               0.025693,               0.025693,               0.025693
                     31,                0.89604,                 1.1618,                0.91248,                0.98262,                0.81772,                0.74102,                 0.8267,                0.65175,                0.81171,                 0.7372,                0.81656,                0.58289,                0.74684,                0.86146,                0.70933,                0.93953,               0.025545,               0.025545,               0.025545
                     32,                0.89679,                 1.1542,                0.91392,                0.98853,                0.81033,                0.77108,                0.83479,                0.66543,                 0.8102,                0.76917,                0.82968,                0.59954,                0.72682,                0.84914,                0.70133,                0.92229,               0.025396,               0.025396,               0.025396
                     33,                0.89116,                 1.1461,                0.90557,                0.98125,                0.82772,                0.78335,                0.85014,                0.67786,                0.82003,                0.77606,                0.83722,                0.60707,                0.71441,                0.80513,                 0.6827,                0.92201,               0.025248,               0.025248,               0.025248
                     34,                0.88355,                 1.1521,                 0.9076,                0.97885,                0.81278,                0.77162,                0.84015,                 0.6666,                0.80829,                0.76584,                0.82773,                0.60095,                0.73605,                0.82836,                  0.708,                0.92449,                 0.0251,                 0.0251,                 0.0251
                     35,                0.86686,                 1.1404,                0.88766,                0.97677,                0.83532,                0.76375,                0.83874,                0.67044,                0.83041,                0.75936,                0.82991,                0.59682,                0.73352,                0.82925,                0.70483,                0.92467,               0.024951,               0.024951,               0.024951
                     36,                0.86027,                 1.1054,                0.85579,                0.96968,                0.82433,                0.79054,                0.85661,                0.68535,                0.82662,                0.78211,                0.84818,                0.61411,                0.71669,                0.81396,                0.65887,                0.92216,               0.024802,               0.024802,               0.024802
                     37,                0.85401,                 1.1138,                0.86233,                0.96738,                0.81902,                 0.8006,                0.84722,                0.67673,                0.81516,                0.79368,                0.83843,                0.60849,                0.71792,                0.83023,                0.67647,                 0.9264,               0.024654,               0.024654,               0.024654
                     38,                0.85959,                 1.1066,                0.88104,                0.97046,                0.84783,                0.79856,                 0.8703,                0.70578,                0.84249,                0.79434,                0.86109,                0.63041,                0.69882,                0.79636,                0.63344,                0.91257,               0.024505,               0.024505,               0.024505
                     39,                0.85199,                 1.0921,                0.84724,                0.96412,                0.83067,                0.80619,                0.86297,                0.70417,                 0.8297,                0.79446,                0.85309,                0.62309,                0.69173,                0.80862,                0.64206,                0.91184,               0.024357,               0.024357,               0.024357
                     40,                0.85178,                 1.1172,                0.85267,                0.96479,                0.82978,                0.79962,                0.86138,                 0.6963,                 0.8364,                0.79016,                0.85419,                0.62105,                0.71478,                 0.8064,                0.65138,                0.91988,               0.024208,               0.024208,               0.024208
                     41,                0.85036,                  1.085,                0.84953,                0.96023,                0.86743,                0.78219,                0.87395,                0.71385,                0.86425,                0.77863,                0.86671,                0.64173,                0.69261,                0.79883,                0.61108,                0.90987,                0.02406,                0.02406,                0.02406
                     42,                0.85047,                 1.0951,                0.82094,                0.96163,                0.86087,                 0.7946,                0.87458,                0.70724,                0.85764,                0.78662,                0.86405,                0.62966,                0.68685,                0.80025,                0.62543,                0.90955,               0.023911,               0.023911,               0.023911
                     43,                0.84761,                  1.103,                 0.8381,                 0.9595,                 0.8307,                0.82796,                0.87726,                0.71427,                0.82813,                0.82329,                0.87028,                0.64306,                0.67663,                0.76798,                0.62969,                 0.9038,               0.023763,               0.023763,               0.023763
                     44,                0.84268,                 1.1028,                0.83416,                0.96204,                0.84822,                0.82563,                0.88053,                0.72165,                0.84565,                0.82227,                0.87199,                0.64135,                0.66184,                0.75309,                0.60605,                0.89867,               0.023615,               0.023615,               0.023615
                     45,                0.84354,                 1.0955,                0.82558,                 0.9619,                0.85921,                0.81446,                0.88794,                0.72343,                0.85495,                0.80939,                  0.876,                0.64353,                0.67503,                0.77165,                 0.5914,                0.90239,               0.023466,               0.023466,               0.023466
                     46,                0.83204,                 1.0876,                0.82587,                0.95918,                0.85024,                0.82814,                0.88836,                0.73424,                0.85328,                0.81668,                0.88099,                0.65648,                0.66719,                0.76037,                0.58024,                 0.8995,               0.023317,               0.023317,               0.023317
                     47,                0.84158,                 1.0852,                0.81107,                0.95911,                0.86212,                0.81334,                0.87781,                0.72095,                0.85825,                0.80755,                0.86782,                0.63584,                0.66075,                 0.7494,                0.59214,                0.89964,               0.023169,               0.023169,               0.023169
                     48,                0.81472,                 1.0506,                0.79018,                0.95048,                0.84653,                0.83498,                0.89159,                   0.74,                0.84184,                0.82781,                0.88035,                0.64703,                0.64603,                0.73417,                0.57872,                0.89256,                0.02302,                0.02302,                0.02302
                     49,                0.81673,                 1.0507,                0.78577,                0.95135,                 0.8464,                0.82408,                0.88814,                0.72734,                0.85254,                0.80869,                0.87859,                 0.6473,                 0.6756,                0.76183,                0.59257,                0.90355,               0.022872,               0.022872,               0.022872
                     50,                0.81838,                 1.0452,                0.79327,                0.94897,                0.88221,                0.82909,                0.89928,                0.74648,                0.87721,                0.82366,                0.88908,                 0.6614,                0.63968,                0.73306,                0.56253,                0.88889,               0.022723,               0.022723,               0.022723
                     51,                0.81844,                 1.0691,                0.78446,                0.94969,                0.87161,                0.83196,                 0.8928,                0.74672,                0.87014,                0.82745,                0.88498,                0.66198,                0.64337,                0.73146,                0.56513,                 0.8897,               0.022575,               0.022575,               0.022575
                     52,                0.81374,                 1.0414,                0.78445,                0.95013,                0.86593,                0.83516,                0.89753,                0.75092,                0.86518,                 0.8257,                0.88773,                0.66181,                0.64125,                0.72143,                0.55837,                0.88856,               0.022427,               0.022427,               0.022427
                     53,                0.80612,                 1.0597,                0.78265,                0.94393,                0.88295,                 0.8375,                0.90291,                0.74882,                0.87681,                0.83045,                0.89309,                0.66998,                0.63681,                0.73101,                0.55121,                0.88797,               0.022278,               0.022278,               0.022278
                     54,                0.79935,                 1.0425,                0.77308,                0.94185,                0.86663,                0.83758,                0.89885,                0.74507,                0.86488,                 0.8302,                0.88834,                0.65707,                 0.6341,                0.74022,                0.55587,                0.88985,               0.022129,               0.022129,               0.022129
                     55,                0.79548,                 1.0199,                0.75174,                0.94065,                0.86869,                0.85776,                0.90489,                0.76542,                 0.8654,                0.85054,                0.89557,                0.67475,                0.61228,                0.71906,                0.52588,                0.88054,               0.021981,               0.021981,               0.021981
                     56,                0.81119,                  1.048,                 0.7757,                0.94745,                0.88322,                0.84853,                0.90735,                0.75443,                0.88064,                0.84057,                0.89654,                0.67006,                0.62992,                0.71372,                 0.5344,                0.88347,               0.021832,               0.021832,               0.021832
                     57,                0.79819,                 1.0223,                0.75344,                0.93661,                0.85902,                0.85037,                0.90334,                0.75455,                0.85579,                0.83986,                0.89034,                0.67045,                0.62657,                0.72225,                0.53827,                0.88514,               0.021684,               0.021684,               0.021684
                     58,                0.78395,                 1.0165,                0.74229,                0.93773,                0.87674,                0.84119,                0.90726,                0.75808,                0.87077,                0.83239,                0.89742,                0.66619,                 0.6299,                0.72479,                0.53323,                0.88436,               0.021536,               0.021536,               0.021536
                     59,                0.79409,                 1.0373,                0.75883,                0.93877,                0.86726,                0.85741,                0.90792,                0.76245,                0.87054,                0.84442,                0.89997,                0.67276,                0.63121,                0.72658,                 0.5285,                0.88812,               0.021387,               0.021387,               0.021387
                     60,                0.79125,                 1.0469,                0.74692,                0.93869,                0.88012,                 0.8431,                0.90778,                0.76243,                0.87322,                0.83674,                0.89655,                0.66809,                0.62698,                0.72968,                0.53273,                0.88409,               0.021239,               0.021239,               0.021239
                     61,                0.78552,                 1.0385,                0.74586,                0.93576,                0.87494,                0.86325,                0.91067,                  0.769,                0.87496,                0.85628,                0.90249,                0.68012,                0.61106,                0.71827,                0.52351,                0.87496,                0.02109,                0.02109,                0.02109
                     62,                0.77868,                0.98606,                0.72599,                0.93741,                0.87538,                0.86314,                0.91185,                0.76981,                0.87312,                0.85359,                0.89937,                0.67508,                0.61904,                0.71413,                0.52292,                0.87505,               0.020942,               0.020942,               0.020942
                     63,                0.78242,                 1.0037,                0.73636,                0.93553,                0.87636,                0.86354,                0.91197,                0.77255,                0.87695,                0.85032,                0.90028,                0.68132,                0.60012,                 0.6993,                0.51113,                 0.8737,               0.020793,               0.020793,               0.020793
                     64,                0.77278,                0.99376,                0.72779,                0.93243,                0.89906,                0.84707,                0.91716,                0.77756,                0.90072,                0.83707,                0.91004,                 0.6829,                0.61003,                0.70347,                0.50897,                0.87622,               0.020644,               0.020644,               0.020644
                     65,                0.77357,                0.98985,                0.72275,                 0.9352,                0.87331,                0.86879,                0.91444,                0.77431,                0.87542,                0.85647,                0.90318,                0.68695,                0.61005,                0.68412,                0.51261,                0.87372,               0.020496,               0.020496,               0.020496
                     66,                0.78231,                 1.0036,                0.72856,                0.93352,                 0.8779,                0.86151,                0.91527,                0.77369,                0.87295,                0.85681,                 0.9061,                0.68305,                0.59626,                0.68892,                0.51803,                 0.8698,               0.020348,               0.020348,               0.020348
                     67,                0.77687,                0.98109,                0.72476,                0.93508,                0.87932,                0.86542,                0.91746,                0.78357,                 0.8839,                0.85541,                0.90786,                0.68595,                0.58682,                0.68985,                0.49304,                0.86512,               0.020199,               0.020199,               0.020199
                     68,                0.76725,                0.99252,                0.70861,                0.92328,                0.87507,                0.87404,                0.91917,                0.78108,                0.87359,                0.86265,                0.90782,                0.68841,                0.59603,                0.68913,                0.49495,                0.87119,                0.02005,                0.02005,                0.02005
                     69,                0.76475,                0.96691,                0.71352,                0.92481,                0.89051,                0.86933,                0.92203,                0.78025,                0.88586,                0.86431,                0.91079,                0.68708,                0.59789,                0.68182,                0.49871,                0.87138,               0.019902,               0.019902,               0.019902
                     70,                0.76751,                0.97901,                 0.7047,                0.92727,                0.88677,                 0.8777,                0.92247,                0.78482,                0.88243,                0.87304,                0.91308,                0.69444,                0.58368,                0.67503,                 0.4956,                 0.8652,               0.019754,               0.019754,               0.019754
                     71,                0.75452,                0.98259,                 0.7031,                 0.9208,                0.89306,                0.87094,                0.92134,                0.78966,                0.88854,                0.86568,                0.91257,                0.69137,                0.57553,                0.67395,                0.48273,                0.86246,               0.019605,               0.019605,               0.019605
                     72,                0.75475,                0.99438,                0.70255,                0.92736,                0.89387,                  0.877,                0.92343,                0.78804,                0.88818,                0.87051,                0.91339,                0.69537,                0.58183,                0.69045,                0.48022,                0.86942,               0.019457,               0.019457,               0.019457
                     73,                0.75132,                0.97632,                 0.6893,                0.92528,                0.89926,                0.86661,                0.92316,                0.79139,                0.89469,                0.86052,                0.91398,                0.69927,                0.56854,                0.65461,                0.47823,                0.86101,               0.019308,               0.019308,               0.019308
                     74,                0.75324,                0.97234,                0.69982,                0.92826,                0.90047,                0.86706,                0.92668,                0.79794,                0.89623,                 0.8609,                 0.9166,                0.70497,                 0.5679,                0.65614,                0.47081,                 0.8601,               0.019159,               0.019159,               0.019159
                     75,                0.74904,                0.95865,                0.68494,                0.92489,                0.90542,                0.86827,                0.92582,                0.78884,                0.90118,                0.86192,                0.91518,                0.70068,                 0.5791,                 0.6762,                0.47786,                0.86361,               0.019011,               0.019011,               0.019011
                     76,                 0.7457,                0.95293,                0.67066,                0.91935,                0.89196,                0.88504,                0.92701,                0.79291,                 0.8918,                0.87559,                0.91687,                0.69869,                 0.5756,                0.65596,                0.46008,                0.86352,               0.018863,               0.018863,               0.018863
                     77,                0.73227,                0.94552,                0.66352,                0.91559,                 0.8826,                 0.8932,                0.92734,                0.79802,                0.88067,                0.88744,                0.91955,                 0.6993,                0.56191,                0.65639,                0.45832,                 0.8554,               0.018714,               0.018714,               0.018714
                     78,                0.74616,                0.95646,                0.68905,                0.92343,                0.90545,                0.87718,                0.92813,                0.80085,                0.90102,                0.87276,                 0.9188,                0.69649,                 0.5589,                 0.6406,                0.45787,                0.85807,               0.018565,               0.018565,               0.018565
                     79,                0.74428,                0.95257,                0.68115,                0.92474,                0.90707,                0.87835,                0.93326,                0.80665,                0.90634,                0.87318,                0.92561,                0.70791,                 0.5505,                0.63679,                0.45002,                 0.8539,               0.018417,               0.018417,               0.018417
                     80,                 0.7349,                0.94412,                0.66733,                0.91718,                 0.8917,                0.88299,                0.92838,                 0.8002,                0.89296,                0.87528,                0.91966,                0.70195,                0.56561,                0.64724,                 0.4599,                 0.8593,               0.018269,               0.018269,               0.018269
                     81,                0.72995,                0.93801,                0.65909,                0.91827,                0.89552,                0.88717,                0.93142,                0.80646,                0.89651,                0.87645,                0.92129,                0.70248,                0.55421,                0.63672,                0.44566,                0.85562,                0.01812,                0.01812,                0.01812
                     82,                0.72654,                0.94648,                0.66055,                0.90885,                0.90594,                0.89354,                 0.9355,                0.80915,                0.90199,                0.88669,                0.92525,                0.70484,                0.55126,                0.64045,                0.43797,                 0.8544,               0.017971,               0.017971,               0.017971
                     83,                0.72427,                0.92207,                0.65919,                0.90892,                0.91413,                 0.8844,                0.93638,                0.81063,                0.91408,                0.87515,                0.92653,                0.71017,                0.54698,                0.63861,                0.43701,                0.85189,               0.017823,               0.017823,               0.017823
                     84,                0.73445,                0.93323,                0.66345,                0.91637,                0.91417,                0.88209,                0.93372,                0.80805,                0.91037,                0.87784,                0.92441,                0.70223,                0.54854,                0.64434,                0.44825,                0.85502,               0.017674,               0.017674,               0.017674
                     85,                0.72525,                0.91974,                0.65064,                0.90999,                0.90296,                0.88837,                0.93436,                0.81644,                0.90404,                0.88007,                0.92671,                0.71176,                0.54085,                0.62885,                0.43185,                0.84811,               0.017526,               0.017526,               0.017526
                     86,                0.72332,                0.93341,                0.65392,                0.91437,                0.91056,                0.87307,                0.93273,                0.80229,                0.90964,                0.86802,                0.92499,                0.71258,                0.55203,                0.64084,                0.44454,                0.85097,               0.017377,               0.017377,               0.017377
                     87,                 0.7281,                0.94661,                0.65211,                 0.9149,                0.90108,                0.89496,                0.93498,                0.81259,                 0.9026,                0.88775,                0.92685,                0.71126,                0.53206,                0.63108,                0.43102,                0.84553,               0.017229,               0.017229,               0.017229
                     88,                0.71396,                0.92264,                0.64452,                0.90829,                0.90244,                0.89955,                0.93864,                0.81612,                0.90368,                0.88778,                0.92844,                0.71719,                0.53987,                0.62153,                0.42882,                0.84964,                0.01708,                0.01708,                0.01708
                     89,                0.70472,                 0.8956,                0.62912,                0.90779,                0.91178,                0.89637,                0.93386,                0.81168,                0.91017,                 0.8903,                0.92586,                0.71157,                0.53516,                0.62596,                0.42762,                0.84747,               0.016932,               0.016932,               0.016932
                     90,                 0.7055,                0.90238,                 0.6342,                0.90294,                0.91472,                0.88579,                0.94102,                0.82237,                0.91116,                0.88086,                0.93142,                0.71542,                0.52902,                0.62662,                0.41905,                0.84398,               0.016783,               0.016783,               0.016783
                     91,                0.70443,                0.92432,                0.63488,                0.91117,                0.90736,                0.89766,                0.93904,                0.81597,                0.90547,                0.88706,                 0.9312,                0.71451,                0.53192,                 0.6238,                0.41885,                0.84605,               0.016635,               0.016635,               0.016635
                     92,                0.70815,                0.91512,                0.63565,                0.90773,                  0.906,                0.90263,                0.94145,                0.82317,                0.90853,                0.88784,                0.93146,                0.72071,                0.52527,                  0.623,                0.41273,                0.84513,               0.016486,               0.016486,               0.016486
                     93,                0.70752,                 0.9282,                0.62837,                0.90614,                0.91767,                0.90216,                0.94186,                0.81911,                0.91465,                0.89364,                 0.9316,                0.71517,                0.52876,                0.62656,                0.41607,                0.84465,               0.016338,               0.016338,               0.016338
                     94,                0.71419,                0.91167,                0.62838,                0.90344,                0.92568,                0.88765,                0.94393,                0.82668,                0.92411,                0.88222,                0.93409,                0.71627,                0.52211,                 0.6134,                0.40904,                0.84344,               0.016189,               0.016189,               0.016189
                     95,                0.69177,                 0.8938,                0.61122,                0.90251,                0.91697,                0.89392,                0.94227,                0.81978,                0.91354,                0.88501,                 0.9321,                0.71624,                0.52649,                0.61447,                 0.4068,                0.84622,               0.016041,               0.016041,               0.016041
                     96,                0.68981,                0.88386,                0.60431,                0.90266,                0.91512,                0.90243,                0.94579,                0.82747,                 0.9208,                0.88725,                0.93534,                0.72116,                0.51949,                0.60585,                0.39807,                 0.8408,               0.015893,               0.015893,               0.015893
                     97,                0.70227,                0.89724,                0.62035,                0.90079,                0.91321,                0.90677,                0.94545,                0.82565,                0.90897,                0.89919,                0.93444,                0.72164,                0.52394,                0.60683,                0.40129,                0.84273,               0.015744,               0.015744,               0.015744
                     98,                0.69211,                0.89962,                0.61411,                0.90225,                0.92536,                0.90009,                0.94655,                 0.8275,                0.92417,                0.88983,                0.93585,                0.72139,                0.51807,                0.61273,                0.39665,                0.84296,               0.015595,               0.015595,               0.015595
                     99,                0.67682,                0.87209,                0.59375,                0.89621,                0.93136,                0.90836,                0.94778,                0.83041,                0.93021,                0.89622,                0.93889,                0.72338,                0.51375,                0.60353,                0.39561,                 0.8402,               0.015447,               0.015447,               0.015447
                    100,                0.70386,                0.92044,                0.61713,                0.90684,                0.91951,                0.90295,                0.94477,                0.83094,                0.91518,                 0.8963,                0.93426,                0.71877,                0.51114,                0.60617,                0.39307,                0.83847,               0.015298,               0.015298,               0.015298
                    101,                0.69715,                0.90003,                0.61784,                0.90116,                 0.9226,                0.91038,                0.94811,                0.83681,                0.91989,                0.90305,                0.93765,                0.72648,                0.50433,                0.59772,                0.38658,                0.83502,                0.01515,                0.01515,                0.01515
                    102,                0.67212,                0.87266,                0.59593,                0.89334,                0.91927,                0.90783,                0.94848,                 0.8366,                0.91616,                  0.898,                0.93888,                0.72341,                0.50948,                 0.6044,                0.38212,                0.83785,               0.015001,               0.015001,               0.015001
                    103,                0.68918,                0.89292,                0.60342,                0.89976,                0.92573,                0.90409,                0.94891,                0.83687,                 0.9212,                0.89916,                0.93876,                0.72763,                0.49863,                0.59225,                0.38332,                0.83586,               0.014853,               0.014853,               0.014853
                    104,                0.68714,                0.87392,                0.60005,                0.89554,                0.92253,                0.91443,                 0.9506,                0.83599,                0.91843,                0.90451,                 0.9409,                0.72527,                0.50817,                0.58839,                0.38107,                0.83798,               0.014704,               0.014704,               0.014704
                    105,                0.68325,                 0.8748,                0.59281,                0.89563,                0.93986,                0.91833,                 0.9529,                0.84161,                0.93619,                0.90852,                0.94136,                0.73077,                0.49501,                 0.5964,                0.37349,                0.83579,               0.014556,               0.014556,               0.014556
                    106,                 0.6812,                0.88042,                0.59593,                0.89803,                 0.9378,                0.90701,                0.95282,                0.84045,                0.93407,                0.90064,                0.94358,                0.72989,                0.49974,                 0.5869,                0.37565,                0.83502,               0.014408,               0.014408,               0.014408
                    107,                0.66564,                0.88719,                0.57468,                0.88885,                0.92798,                 0.9196,                0.95465,                0.84649,                0.92102,                0.91167,                 0.9438,                0.73244,                0.48711,                0.58227,                0.36884,                0.83014,               0.014259,               0.014259,               0.014259
                    108,                0.67502,                0.86497,                0.58782,                0.89031,                0.93525,                0.90409,                0.95233,                0.84134,                0.93271,                 0.8945,                0.94093,                0.72904,                0.49249,                 0.5857,                0.37534,                0.83363,                0.01411,                0.01411,                0.01411
                    109,                0.67584,                0.87631,                0.58278,                0.89387,                0.93088,                0.90847,                0.95306,                0.84046,                0.92799,                0.89849,                0.94121,                0.73451,                0.49607,                0.58532,                0.36926,                0.83186,               0.013962,               0.013962,               0.013962
                    110,                0.68221,                0.87012,                0.58427,                0.89247,                0.93505,                 0.9047,                0.95248,                0.84322,                0.93068,                0.89758,                0.94284,                0.73576,                0.49267,                0.57871,                0.36254,                0.83333,               0.013813,               0.013813,               0.013813
                    111,                0.65783,                 0.8672,                0.56665,                0.88883,                0.94034,                0.91798,                0.95458,                0.84637,                0.93563,                 0.9062,                0.94324,                0.73027,                0.48941,                0.57389,                0.36054,                  0.832,               0.013665,               0.013665,               0.013665
                    112,                0.66848,                0.87659,                0.56843,                0.88434,                0.93533,                0.91995,                0.95552,                0.84744,                0.93711,                0.90649,                0.94602,                0.73817,                0.48417,                0.57787,                0.35958,                0.82846,               0.013516,               0.013516,               0.013516
                    113,                0.66378,                0.85806,                0.56412,                0.88818,                0.94728,                 0.9133,                0.95634,                0.84949,                0.94385,                0.90426,                0.94605,                0.73692,                0.48114,                0.57718,                0.35155,                 0.8287,               0.013368,               0.013368,               0.013368
                    114,                0.67834,                0.87324,                 0.5816,                0.89403,                0.93572,                 0.9271,                0.95758,                0.85044,                0.93973,                0.90835,                  0.946,                0.73488,                0.47883,                 0.5691,                0.34788,                0.82725,                0.01322,                0.01322,                0.01322
                    115,                0.65625,                0.83315,                0.56723,                0.88684,                0.94641,                0.92409,                0.95641,                 0.8498,                0.94213,                0.91195,                0.94537,                0.73779,                0.47984,                0.57782,                0.34907,                0.82776,               0.013071,               0.013071,               0.013071
                    116,                0.65612,                0.84262,                0.57454,                0.88507,                  0.951,                0.91013,                0.95699,                0.84897,                0.94479,                 0.9033,                0.94645,                0.73245,                0.47939,                0.57759,                0.35268,                0.82814,               0.012922,               0.012922,               0.012922
                    117,                0.65066,                0.84559,                0.55523,                0.88221,                0.94668,                0.91587,                0.95764,                0.85049,                0.94261,                0.90799,                0.94864,                0.73574,                0.47771,                0.58616,                0.34751,                 0.8278,               0.012774,               0.012774,               0.012774
                    118,                0.65778,                0.84924,                0.56134,                 0.8913,                 0.9533,                0.91978,                0.95771,                 0.8511,                0.94668,                0.91145,                0.94688,                0.73612,                0.47838,                 0.5795,                 0.3465,                0.82775,               0.012626,               0.012626,               0.012626
                    119,                 0.6537,                0.86584,                0.56031,                0.88968,                0.94565,                0.92401,                0.95867,                0.85341,                0.94126,                0.91609,                0.94816,                0.74092,                0.47698,                0.57432,                0.34497,                 0.8279,               0.012477,               0.012477,               0.012477
                    120,                0.65088,                0.84421,                0.55481,                0.88407,                0.93659,                0.92622,                0.95824,                0.85642,                0.94174,                0.90765,                0.94787,                0.73797,                0.47101,                0.56579,                0.33966,                0.82544,               0.012329,               0.012329,               0.012329
                    121,                0.65518,                 0.8358,                0.55191,                0.88611,                0.94565,                0.92596,                0.95968,                0.85626,                0.94202,                0.91832,                0.95108,                0.74432,                0.46407,                0.55369,                 0.3339,                0.82381,                0.01218,                0.01218,                0.01218
                    122,                0.64858,                0.84558,                0.55186,                0.88585,                0.93788,                0.92705,                0.95907,                0.85633,                0.93117,                0.91617,                0.94781,                0.74177,                0.46874,                0.55322,                0.33954,                0.82519,               0.012032,               0.012032,               0.012032
                    123,                0.66079,                0.86243,                0.55539,                 0.8887,                0.94912,                0.92144,                0.95858,                0.85645,                0.94233,                0.91119,                0.94747,                0.74168,                0.46968,                 0.5513,                0.33618,                0.82313,               0.011883,               0.011883,               0.011883
                    124,                  0.651,                0.82289,                0.54126,                0.88284,                0.94784,                0.92556,                0.96012,                0.86034,                0.94244,                0.91681,                0.94992,                0.74558,                0.46139,                  0.547,                0.32926,                0.82164,               0.011735,               0.011735,               0.011735
                    125,                0.64434,                0.84043,                0.54099,                0.87893,                0.94068,                0.92893,                0.95932,                 0.8582,                0.93707,                0.92083,                0.94903,                0.74332,                0.45912,                0.54782,                0.32966,                0.82277,               0.011586,               0.011586,               0.011586
                    126,                0.63932,                0.82377,                0.53398,                0.88622,                0.93846,                0.93323,                0.96021,                0.85777,                0.94008,                0.91758,                0.95102,                0.74849,                0.46386,                0.55457,                0.33073,                0.82316,               0.011437,               0.011437,               0.011437
                    127,                 0.6438,                0.84924,                0.54205,                0.88565,                0.95485,                0.92578,                0.96065,                0.85974,                0.94957,                0.91988,                0.95257,                0.74779,                0.45867,                0.54331,                0.32539,                0.82073,               0.011289,               0.011289,               0.011289
                    128,                0.63254,                0.82758,                0.52879,                0.88148,                0.95056,                0.92098,                0.96098,                0.86009,                0.94472,                0.91318,                0.95091,                0.75091,                0.46074,                0.54391,                0.33028,                0.82152,                0.01114,                0.01114,                0.01114
                    129,                0.63583,                0.84802,                0.52986,                0.87863,                0.95301,                0.92532,                0.96051,                0.86235,                0.95157,                0.91973,                0.95271,                0.74265,                 0.4564,                0.55054,                0.32707,                 0.8213,               0.010992,               0.010992,               0.010992
                    130,                0.63955,                0.83631,                0.53757,                0.88091,                0.94881,                  0.928,                0.96152,                0.86373,                0.94496,                 0.9194,                0.95254,                0.75228,                0.45917,                0.54427,                0.32296,                0.82107,               0.010843,               0.010843,               0.010843
                    131,                0.63567,                0.82655,                0.52655,                0.87998,                0.94947,                0.93145,                0.96166,                0.86526,                0.94545,                0.92541,                0.95387,                0.75416,                0.45548,                0.54223,                0.32228,                0.82073,               0.010695,               0.010695,               0.010695
                    132,                0.64344,                 0.8375,                 0.5411,                0.88084,                0.94797,                0.92998,                0.96152,                0.86498,                0.94108,                0.92469,                0.95292,                0.74503,                0.45078,                0.54046,                0.32093,                0.81971,               0.010546,               0.010546,               0.010546
                    133,                0.62264,                0.81885,                0.51367,                0.87469,                0.95078,                0.93007,                0.96305,                0.86967,                0.95508,                0.91824,                0.95548,                0.75254,                0.44505,                0.54379,                0.31364,                0.81795,               0.010398,               0.010398,               0.010398
                    134,                0.62174,                0.82235,                0.51153,                0.87197,                0.95815,                0.92764,                0.96431,                0.86723,                0.95631,                0.91816,                0.95431,                0.74669,                0.44643,                0.53854,                0.31061,                0.81785,               0.010249,               0.010249,               0.010249
                    135,                0.62005,                0.81382,                   0.51,                0.87781,                0.95844,                0.92719,                0.96414,                0.86764,                0.95264,                0.92033,                0.95405,                0.75048,                 0.4492,                0.53877,                0.31373,                0.81799,               0.010101,               0.010101,               0.010101
                    136,                0.62729,                0.82917,                0.52318,                0.87929,                0.95487,                0.92654,                0.96337,                0.86882,                0.95056,                0.91846,                0.95418,                0.75147,                0.44234,                0.53553,                0.31207,                0.81603,              0.0099525,              0.0099525,              0.0099525
                    137,                0.61446,                0.80349,                0.50806,                0.86933,                0.94436,                0.93654,                0.96447,                0.87007,                0.93949,                0.92819,                0.95583,                0.75225,                0.44208,                0.53206,                0.30598,                 0.8157,               0.009804,               0.009804,               0.009804
                    138,                0.61026,                 0.7969,                0.50324,                0.86941,                0.95645,                0.93409,                0.96505,                0.87386,                0.95269,                0.92569,                0.95618,                0.75473,                0.43086,                 0.5291,                 0.3009,                0.81304,              0.0096555,              0.0096555,              0.0096555
                    139,                0.61331,                 0.8057,                0.50007,                0.86985,                0.95412,                0.93234,                0.96565,                 0.8754,                0.95213,                0.92118,                0.95568,                0.75343,                0.43492,                0.53495,                0.30241,                0.81487,               0.009507,               0.009507,               0.009507
                    140,                0.61203,                0.80465,                0.50509,                0.87203,                0.95043,                0.93649,                0.96482,                0.87385,                0.94597,                0.92834,                0.95665,                 0.7577,                0.43401,                0.53073,                0.30008,                0.81376,              0.0093585,              0.0093585,              0.0093585
                    141,                 0.6137,                0.81127,                  0.505,                0.87224,                0.95889,                0.92912,                0.96565,                0.87249,                0.95449,                 0.9216,                 0.9563,                0.75422,                0.43653,                0.53654,                0.30277,                0.81412,                0.00921,                0.00921,                0.00921
                    142,                0.60724,                0.80113,                0.50168,                0.87354,                0.95633,                0.93301,                0.96573,                 0.8768,                0.95457,                0.91957,                0.95504,                0.75658,                0.42993,                0.52732,                0.29641,                 0.8132,              0.0090615,              0.0090615,              0.0090615
                    143,                0.60714,                0.79618,                0.49447,                0.86863,                0.96029,                 0.9367,                 0.9659,                0.87591,                0.95552,                0.92646,                 0.9563,                0.75333,                0.43195,                0.52224,                0.29734,                0.81349,               0.008913,               0.008913,               0.008913
                    144,                0.60433,                0.80933,                0.48607,                0.87421,                0.96069,                0.93618,                0.96613,                0.87514,                 0.9578,                0.92623,                0.95602,                0.75757,                0.43007,                0.52197,                0.29373,                0.81261,              0.0087645,              0.0087645,              0.0087645
                    145,                0.60279,                0.78931,                0.48168,                0.86746,                0.96442,                0.93279,                0.96591,                0.87711,                0.96015,                  0.926,                0.95619,                0.75649,                0.43121,                0.52035,                0.29529,                0.81241,               0.008616,               0.008616,               0.008616
                    146,                0.61299,                0.80076,                0.50433,                0.87376,                0.96206,                0.93973,                0.96682,                0.87836,                0.95569,                0.93067,                0.95686,                0.75643,                0.43067,                0.52245,                0.29313,                 0.8127,              0.0084675,              0.0084675,              0.0084675
                    147,                0.59444,                0.79174,                0.48598,                0.86725,                0.96105,                0.93901,                0.96679,                0.88079,                0.95873,                0.92445,                0.95618,                0.75722,                0.42449,                0.51635,                0.28947,                0.81043,               0.008319,               0.008319,               0.008319
                    148,                 0.5908,                0.76975,                0.47711,                0.86666,                0.96124,                0.93779,                0.96674,                0.87954,                0.95845,                0.92809,                0.95815,                0.76224,                0.42481,                0.51722,                0.28911,                 0.8103,              0.0081705,              0.0081705,              0.0081705
                    149,                0.60528,                0.80365,                0.49477,                0.87192,                0.96573,                0.93535,                 0.9675,                0.88132,                0.96375,                0.92977,                0.96057,                0.75928,                0.42754,                0.51983,                0.28761,                0.81122,               0.008022,               0.008022,               0.008022
                    150,                 0.6037,                0.78454,                0.49126,                0.86966,                0.95762,                0.94589,                0.96854,                0.88071,                0.96065,                0.92554,                0.95837,                 0.7596,                0.42859,                0.51451,                0.28712,                0.81174,              0.0078735,              0.0078735,              0.0078735
                    151,                 0.6003,                0.79675,                0.48736,                0.86697,                0.96253,                0.94118,                0.96822,                0.88103,                0.95758,                0.93151,                0.95769,                0.76134,                 0.4227,                0.50998,                0.28583,                0.81113,               0.007725,               0.007725,               0.007725
                    152,                0.59764,                0.78556,                0.48477,                0.86923,                0.95564,                0.94744,                0.96829,                0.88427,                0.95522,                0.93445,                0.95857,                0.76297,                0.41575,                0.51147,                0.28287,                0.80887,              0.0075765,              0.0075765,              0.0075765
                    153,                0.59222,                0.77192,                0.47714,                0.86245,                0.96548,                0.94296,                0.96885,                0.88632,                 0.9625,                0.93194,                0.95982,                0.76218,                0.41233,                0.50599,                0.28024,                0.80852,               0.007428,               0.007428,               0.007428
                    154,                0.58201,                0.77916,                0.46945,                0.86166,                0.96035,                0.94501,                0.96926,                0.88914,                0.95638,                0.93562,                0.96064,                0.76559,                0.40919,                0.50386,                0.27533,                0.80716,              0.0072795,              0.0072795,              0.0072795
                    155,                 0.5844,                0.76041,                0.47198,                 0.8631,                0.96782,                0.94047,                0.96884,                0.88613,                 0.9609,                0.93071,                 0.9593,                0.76445,                0.41177,                0.50548,                  0.276,                0.80707,               0.007131,               0.007131,               0.007131
                    156,                0.58636,                0.76294,                0.47005,                0.86205,                 0.9645,                0.94161,                0.96914,                0.88515,                0.96004,                 0.9335,                0.96131,                0.76248,                0.41263,                0.50385,                0.27721,                0.80752,              0.0069825,              0.0069825,              0.0069825
                    157,                0.57867,                 0.7525,                0.46334,                0.86338,                0.96472,                0.94421,                0.96805,                0.88559,                0.95871,                0.93559,                0.95871,                0.76233,                0.41137,                0.50763,                0.27454,                0.80743,               0.006834,               0.006834,               0.006834
                    158,                0.57103,                0.74257,                0.44869,                0.86015,                 0.9643,                0.94482,                0.96832,                0.88606,                0.95763,                0.93661,                0.95901,                0.76482,                0.40931,                0.50197,                0.27465,                0.80687,              0.0066855,              0.0066855,              0.0066855
                    159,                0.57574,                0.75311,                0.45373,                0.85932,                0.96397,                0.94839,                0.96977,                0.88796,                0.95918,                0.93822,                0.96085,                0.76793,                0.40752,                0.49813,                0.27204,                0.80604,               0.006537,               0.006537,               0.006537
                    160,                0.58204,                0.75862,                0.46403,                0.86348,                0.96548,                 0.9456,                0.96992,                0.88918,                0.96375,                0.93202,                0.96015,                 0.7679,                 0.4056,                0.49615,                0.26921,                 0.8055,              0.0063885,              0.0063885,              0.0063885
                    161,                0.57372,                0.77461,                0.45813,                0.86355,                0.96192,                0.94735,                0.97056,                0.89057,                0.95251,                 0.9383,                 0.9598,                0.76665,                0.40568,                0.49576,                0.26547,                0.80546,                0.00624,                0.00624,                0.00624
                    162,                0.56587,                0.75925,                0.44487,                0.85722,                0.96695,                0.94529,                 0.9709,                0.89028,                0.96441,                0.93227,                0.96059,                0.76816,                0.40076,                0.49493,                0.26436,                0.80481,              0.0060915,              0.0060915,              0.0060915
                    163,                0.56391,                0.73828,                 0.4416,                0.85348,                0.96595,                0.94657,                0.97061,                0.89195,                0.96062,                0.93901,                0.96259,                0.77026,                0.39959,                0.49718,                0.26401,                0.80459,               0.005943,               0.005943,               0.005943
                    164,                0.56257,                0.74039,                0.44687,                 0.8598,                 0.9651,                 0.9463,                0.97069,                0.89061,                0.96041,                0.93515,                0.96067,                0.76987,                0.39739,                0.49614,                0.26252,                0.80441,              0.0057945,              0.0057945,              0.0057945
                    165,                0.57262,                0.75732,                0.44989,                0.86266,                0.96799,                 0.9428,                0.97067,                0.89061,                0.96092,                0.93511,                0.96174,                0.77073,                0.39833,                0.50019,                0.26305,                0.80383,               0.005646,               0.005646,               0.005646
                    166,                0.57268,                0.74757,                0.44685,                0.86227,                0.96805,                0.94645,                 0.9714,                0.89319,                0.96099,                 0.9382,                0.96306,                0.77217,                0.39664,                0.50087,                0.25975,                0.80351,              0.0054975,              0.0054975,              0.0054975
                    167,                0.56227,                0.75196,                0.43966,                0.85786,                0.97159,                0.94628,                0.97149,                0.89389,                0.96733,                0.93676,                0.96323,                0.77017,                0.39572,                0.49583,                0.25853,                0.80359,               0.005349,               0.005349,               0.005349
                    168,                0.55812,                0.74125,                0.43426,                 0.8555,                 0.9735,                0.94503,                 0.9712,                0.89464,                0.96747,                0.93776,                0.96275,                 0.7717,                0.39282,                0.49471,                0.25554,                0.80257,              0.0052005,              0.0052005,              0.0052005
                    169,                0.56688,                0.76598,                0.44865,                0.86005,                0.97206,                  0.943,                 0.9712,                0.89446,                0.96751,                0.93627,                0.96328,                0.77254,                0.39109,                0.48937,                  0.257,                0.80228,               0.005052,               0.005052,               0.005052
                    170,                0.55121,                0.74065,                0.43126,                0.85415,                0.96671,                0.94827,                 0.9717,                0.89564,                0.96545,                0.93724,                0.96483,                0.77382,                0.38991,                0.48606,                0.25506,                0.80206,              0.0049035,              0.0049035,              0.0049035
                    171,                0.55399,                  0.737,                0.42481,                0.85884,                0.97173,                0.94521,                0.97169,                0.89582,                0.97221,                0.93637,                0.96508,                0.77428,                0.38926,                0.48618,                0.25349,                0.80225,               0.004755,               0.004755,               0.004755
                    172,                0.55415,                0.72257,                0.43003,                0.85583,                0.97395,                0.94855,                0.97148,                0.89581,                0.96839,                0.94149,                0.96384,                0.77291,                0.39122,                0.48631,                0.25387,                0.80236,              0.0046065,              0.0046065,              0.0046065
                    173,                0.54956,                0.74002,                0.43058,                0.85263,                0.97294,                0.94761,                0.97169,                0.89636,                0.96838,                0.94006,                0.96327,                0.77211,                0.38666,                0.48255,                0.25444,                0.80166,               0.004458,               0.004458,               0.004458
                    174,                 0.5556,                0.73848,                0.43342,                 0.8565,                0.97438,                0.94692,                0.97199,                0.89616,                0.96972,                0.93924,                0.96312,                0.77192,                0.38611,                0.48488,                0.25381,                0.80147,              0.0043095,              0.0043095,              0.0043095
                    175,                0.54713,                0.73494,                0.42174,                0.85488,                0.97209,                0.94767,                  0.972,                0.89806,                0.96811,                0.93788,                0.96237,                0.77174,                0.38346,                0.48337,                0.24899,                0.80061,               0.004161,               0.004161,               0.004161
                    176,                0.54763,                 0.7325,                0.42439,                0.85269,                 0.9705,                0.95136,                0.97185,                0.89908,                0.96469,                0.94143,                0.96241,                 0.7726,                0.38176,                0.48464,                 0.2499,                0.80023,              0.0040125,              0.0040125,              0.0040125
                    177,                0.53939,                0.72035,                0.42059,                0.84933,                0.96721,                0.95213,                0.97253,                0.89958,                 0.9628,                0.94153,                 0.9621,                0.77195,                0.38161,                0.48269,                0.24762,                0.79974,               0.003864,               0.003864,               0.003864
                    178,                0.54188,                0.73469,                0.42275,                0.85348,                0.97628,                0.95029,                0.97289,                0.90062,                0.96858,                0.94217,                0.96289,                0.77465,                0.38092,                 0.4787,                0.24556,                0.79942,              0.0037155,              0.0037155,              0.0037155
                    179,                 0.5342,                0.72128,                0.41442,                0.85198,                0.97426,                0.95281,                0.97278,                0.90178,                 0.9694,                0.94301,                0.96248,                0.77677,                0.37794,                0.47353,                0.24459,                0.79889,               0.003567,               0.003567,               0.003567
                    180,                0.54164,                0.71547,                0.41704,                0.85185,                0.97481,                0.95201,                0.97318,                0.90105,                0.96845,                0.94263,                0.96343,                 0.7763,                0.37729,                0.47527,                0.24395,                0.79844,              0.0034185,              0.0034185,              0.0034185
                    181,                0.52629,                0.70636,                0.40718,                 0.8453,                0.97375,                0.95438,                0.97318,                0.90238,                0.96733,                0.94673,                0.96378,                0.77733,                0.37621,                0.47356,                0.24201,                0.79809,                0.00327,                0.00327,                0.00327
                    182,                0.52853,                0.71311,                0.40799,                0.85038,                0.97568,                0.95263,                0.97341,                0.90246,                0.96965,                0.94541,                0.96467,                0.77912,                 0.3755,                0.47186,                0.24088,                0.79845,              0.0031215,              0.0031215,              0.0031215
                    183,                0.53114,                0.70391,                 0.4079,                0.84706,                0.97279,                0.95497,                0.97344,                0.90233,                0.96569,                0.94589,                0.96376,                0.77871,                 0.3737,                0.47088,                0.24118,                0.79779,               0.002973,               0.002973,               0.002973
                    184,                0.53922,                0.72295,                0.41557,                0.84949,                 0.9725,                0.95295,                0.97324,                0.90281,                0.96487,                0.94527,                0.96416,                0.77861,                0.37465,                0.46939,                0.24177,                0.79794,              0.0028245,              0.0028245,              0.0028245
                    185,                0.52921,                0.70427,                0.40132,                0.84862,                 0.9739,                0.95264,                0.97338,                0.90303,                0.96704,                0.94499,                0.96487,                0.77878,                0.37305,                0.46827,                0.24174,                0.79799,               0.002676,               0.002676,               0.002676
                    186,                0.52827,                0.71201,                0.40106,                0.84868,                0.97708,                0.95246,                0.97342,                0.90408,                0.97022,                0.94498,                0.96499,                0.78063,                0.37143,                0.46575,                0.23995,                0.79757,              0.0025275,              0.0025275,              0.0025275
                    187,                0.52814,                0.71491,                0.40656,                0.85024,                0.97723,                 0.9526,                0.97372,                0.90518,                0.97054,                0.94637,                0.96552,                0.78025,                0.37108,                0.46587,                0.23868,                0.79716,               0.002379,               0.002379,               0.002379
                    188,                0.52888,                0.72239,                0.40414,                0.85011,                 0.9782,                0.95193,                0.97382,                0.90599,                0.97254,                 0.9459,                 0.9663,                 0.7812,                0.36822,                 0.4637,                0.23668,                0.79682,              0.0022305,              0.0022305,              0.0022305
                    189,                0.51957,                0.70296,                0.39328,                0.84465,                0.97615,                0.95249,                0.97384,                0.90692,                0.96928,                0.94414,                0.96496,                0.77931,                0.36692,                0.46391,                0.23527,                0.79682,               0.002082,               0.002082,               0.002082
                    190,                0.51817,                0.68902,                0.38887,                0.84522,                 0.9769,                0.95307,                0.97387,                 0.9065,                0.96933,                0.94546,                 0.9654,                0.77775,                0.36607,                0.46307,                0.23372,                0.79633,              0.0019335,              0.0019335,              0.0019335
                    191,                 0.5114,                0.68892,                0.38298,                0.84347,                0.97799,                0.95459,                0.97402,                0.90656,                0.97083,                0.94699,                0.96569,                0.77749,                0.36466,                0.46428,                 0.2329,                0.79579,               0.001785,               0.001785,               0.001785
                    192,                0.52704,                0.70627,                0.39907,                0.84696,                0.97899,                0.95359,                0.97403,                0.90688,                0.97275,                0.94566,                0.96575,                 0.7783,                0.36454,                0.46275,                0.23201,                0.79564,              0.0016365,              0.0016365,              0.0016365
                    193,                0.52763,                0.70355,                0.39934,                0.84614,                0.97852,                0.95462,                  0.974,                0.90633,                 0.9729,                0.94849,                0.96605,                0.78032,                0.36498,                0.46348,                0.23265,                0.79579,               0.001488,               0.001488,               0.001488
                    194,                0.51914,                0.70997,                0.39326,                0.84783,                0.97963,                0.95243,                  0.974,                0.90679,                0.97408,                0.94607,                0.96644,                0.78007,                0.36282,                0.46157,                 0.2321,                0.79527,              0.0013395,              0.0013395,              0.0013395
                    195,                0.53261,                0.71229,                0.40607,                0.84948,                0.97977,                 0.9529,                0.97393,                 0.9072,                0.97307,                0.94535,                0.96569,                 0.7805,                0.36179,                0.46077,                0.23117,                0.79522,               0.001191,               0.001191,               0.001191
                    196,                0.51779,                0.69821,                0.38818,                0.84741,                0.97838,                0.95441,                0.97408,                0.90781,                0.97327,                0.94498,                0.96606,                0.78127,                0.35972,                0.46016,                0.22998,                0.79486,              0.0010425,              0.0010425,              0.0010425
                    197,                0.52118,                0.69122,                 0.3972,                0.84789,                0.97904,                0.95398,                0.97427,                0.90761,                0.97455,                0.94319,                0.96535,                0.78162,                0.35843,                0.45997,                0.22885,                0.79454,               0.000894,               0.000894,               0.000894
                    198,                0.51115,                 0.6944,                0.38248,                0.84683,                0.98147,                0.95194,                0.97434,                0.90836,                0.97683,                0.94419,                0.96621,                0.78174,                0.35833,                0.46114,                0.22871,                0.79457,              0.0007455,              0.0007455,              0.0007455
                    199,                0.50394,                0.68627,                 0.3771,                0.84263,                0.98159,                0.95269,                0.97449,                0.90788,                0.97549,                0.94562,                0.96655,                0.78224,                 0.3582,                0.46021,                0.22835,                0.79449,               0.000597,               0.000597,               0.000597
